{
  "networks": {
    "American Express": ["34", "37"],
    "Bankcard": ["5610", "560221-560225"],
    "China T-Union": ["31"],
    "China UnionPay": ["62"],
    "Diners Club Intl": ["30", "36", "38", "39"],
    "Diners Club USA & Canada": ["55"],
    "Discover Card": ["6011", "644-649", "65", "622126-622925"],
    "UkrCard": ["60400100-60420099"],
    "InterPayment": ["636"],
    "InstaPayment": ["637-639"],
    "JCB": ["35","213"],
    "Laser": ["6304", "6706", "6771", "6709"],
    "Maestro UK": ["6759", "676770", "676774"],
    "Maestro": ["5018", "5020", "5038", "5893", "6304", "6759", "6761", "6762", "6763","57"],
    "Dankort": ["5019", "4571"],
    "Mir": ["2200-2204"],
    "BORICA": ["2205"],
    "NPS Pridnestrovie": ["6054740-6054744"],
    "Mastercard": ["2221-2720", "51-55"],
    "Solo": ["6334", "6767"],
    "Switch": ["4903", "4905", "4911", "4936", "564182", "633110", "6333", "6759"],
    "Troy": ["65", "9792"],
    "Visa": ["4"],
    "Visa Electron": ["4026", "417500", "4508", "4844", "4913", "4917"],
    "UATP": ["1"],
    "Verve": ["506099-506198", "650002-650027", "507865-507964"],
    "UzCard": ["8600", "5614"],
    "Humo": ["9860"],
    "GPN": ["1946", "50", "56", "58", "60-63"],
    "Napas": ["9704"]
  }
}
