{
    "results": {
        "c2_race_id": "",
        "duration": 2000,
        "ergrace_version": "02.01.17",
        "participants": [
            {
                "affiliation": "",
                "avg_pace": "1:38.3",
                "calories": 171,
                "class": "",
                "distance": 2000,
                "id": "",
                "lane": 4,
                "logbook_id": "",
                "logged_time": "22/01/2023 10:59:00",
                "machine_type": "row",
                "participant": "Maxime",
                "place": 1,
                "score": "6:33.4",
                "serial_number": 530392424,
                "splits": [
                    {
                        "split_avg_pace": "1:41.6",
                        "split_calories": 41,
                        "split_distance": 500,
                        "split_drag_factor": 128,
                        "split_running_calories": 41,
                        "split_running_distance": 500,
                        "split_running_time": 1016,
                        "split_stroke_count": 44,
                        "split_stroke_rate": 26,
                        "split_time": 1016,
                        "split_type": "distance_split"
                    },
                    {
                        "split_avg_pace": "1:42.0",
                        "split_calories": 40,
                        "split_distance": 500,
                        "split_drag_factor": 128,
                        "split_running_calories": 81,
                        "split_running_distance": 1000,
                        "split_running_time": 2036,
                        "split_stroke_count": 43,
                        "split_stroke_rate": 25,
                        "split_time": 1020,
                        "split_type": "distance_split"
                    },
                    {
                        "split_avg_pace": "1:37.6",
                        "split_calories": 43,
                        "split_distance": 500,
                        "split_drag_factor": 128,
                        "split_running_calories": 124,
                        "split_running_distance": 1500,
                        "split_running_time": 3012,
                        "split_stroke_count": 47,
                        "split_stroke_rate": 29,
                        "split_time": 976,
                        "split_type": "distance_split"
                    },
                    {
                        "split_avg_pace": "1:32.1",
                        "split_calories": 47,
                        "split_distance": 500,
                        "split_drag_factor": 128,
                        "split_running_calories": 171,
                        "split_running_distance": 2000,
                        "split_running_time": 3933,
                        "split_stroke_count": 52,
                        "split_stroke_rate": 34,
                        "split_time": 921,
                        "split_type": "distance_split"
                    }
                ],
                "spm": 28,
                "time": "6:33.4"
            },
            {
                "affiliation": "",
                "avg_pace": "1:45.4",
                "calories": 154,
                "class": "",
                "distance": 2000,
                "id": "",
                "lane": 2,
                "logbook_id": "",
                "logged_time": "22/01/2023 10:59:00",
                "machine_type": "row",
                "participant": "Célestin",
                "place": 2,
                "score": "7:01.8",
                "serial_number": 530087901,
                "splits": [
                    {
                        "split_avg_pace": "1:43.1",
                        "split_calories": 40,
                        "split_distance": 500,
                        "split_drag_factor": 118,
                        "split_running_calories": 40,
                        "split_running_distance": 500,
                        "split_running_time": 1031,
                        "split_stroke_count": 46,
                        "split_stroke_rate": 27,
                        "split_time": 1031,
                        "split_type": "distance_split"
                    },
                    {
                        "split_avg_pace": "1:46.9",
                        "split_calories": 38,
                        "split_distance": 500,
                        "split_drag_factor": 118,
                        "split_running_calories": 78,
                        "split_running_distance": 1000,
                        "split_running_time": 2100,
                        "split_stroke_count": 44,
                        "split_stroke_rate": 25,
                        "split_time": 1069,
                        "split_type": "distance_split"
                    },
                    {
                        "split_avg_pace": "1:47.3",
                        "split_calories": 37,
                        "split_distance": 500,
                        "split_drag_factor": 118,
                        "split_running_calories": 115,
                        "split_running_distance": 1500,
                        "split_running_time": 3173,
                        "split_stroke_count": 50,
                        "split_stroke_rate": 28,
                        "split_time": 1073,
                        "split_type": "distance_split"
                    },
                    {
                        "split_avg_pace": "1:44.4",
                        "split_calories": 39,
                        "split_distance": 500,
                        "split_drag_factor": 118,
                        "split_running_calories": 154,
                        "split_running_distance": 2000,
                        "split_running_time": 4217,
                        "split_stroke_count": 59,
                        "split_stroke_rate": 34,
                        "split_time": 1044,
                        "split_type": "distance_split"
                    }
                ],
                "spm": 28,
                "time": "7:01.8"
            },
            {
                "affiliation": "",
                "avg_pace": "1:56.7",
                "calories": 135,
                "class": "",
                "distance": 2000,
                "id": "",
                "lane": 1,
                "logbook_id": "",
                "logged_time": "22/01/2023 11:00:00",
                "machine_type": "row",
                "participant": "Julien",
                "place": 3,
                "score": "7:47.0",
                "serial_number": 530398582,
                "splits": [
                    {
                        "split_avg_pace": "1:56.4",
                        "split_calories": 34,
                        "split_distance": 500,
                        "split_drag_factor": 109,
                        "split_running_calories": 34,
                        "split_running_distance": 500,
                        "split_running_time": 1164,
                        "split_stroke_count": 48,
                        "split_stroke_rate": 25,
                        "split_time": 1164,
                        "split_type": "distance_split"
                    },
                    {
                        "split_avg_pace": "2:00.5",
                        "split_calories": 33,
                        "split_distance": 500,
                        "split_drag_factor": 108,
                        "split_running_calories": 67,
                        "split_running_distance": 1000,
                        "split_running_time": 2369,
                        "split_stroke_count": 49,
                        "split_stroke_rate": 24,
                        "split_time": 1205,
                        "split_type": "distance_split"
                    },
                    {
                        "split_avg_pace": "1:55.2",
                        "split_calories": 34,
                        "split_distance": 500,
                        "split_drag_factor": 108,
                        "split_running_calories": 101,
                        "split_running_distance": 1500,
                        "split_running_time": 3521,
                        "split_stroke_count": 54,
                        "split_stroke_rate": 28,
                        "split_time": 1152,
                        "split_type": "distance_split"
                    },
                    {
                        "split_avg_pace": "1:54.8",
                        "split_calories": 34,
                        "split_distance": 500,
                        "split_drag_factor": 109,
                        "split_running_calories": 135,
                        "split_running_distance": 2000,
                        "split_running_time": 4669,
                        "split_stroke_count": 59,
                        "split_stroke_rate": 31,
                        "split_time": 1148,
                        "split_type": "distance_split"
                    }
                ],
                "spm": 26,
                "time": "7:47.0"
            },
            {
                "affiliation": "",
                "avg_pace": "2:03.1",
                "calories": 128,
                "class": "",
                "distance": 2000,
                "id": "",
                "lane": 3,
                "logbook_id": "",
                "logged_time": "22/01/2023 11:01:00",
                "machine_type": "row",
                "participant": "Neve",
                "place": 4,
                "score": "8:12.4",
                "serial_number": 430839301,
                "splits": [
                    {
                        "split_avg_pace": "2:03.5",
                        "split_calories": 32,
                        "split_distance": 500,
                        "split_drag_factor": 107,
                        "split_running_calories": 32,
                        "split_running_distance": 500,
                        "split_running_time": 1235,
                        "split_stroke_count": 54,
                        "split_stroke_rate": 26,
                        "split_time": 1235,
                        "split_type": "distance_split"
                    },
                    {
                        "split_avg_pace": "2:07.2",
                        "split_calories": 31,
                        "split_distance": 500,
                        "split_drag_factor": 107,
                        "split_running_calories": 63,
                        "split_running_distance": 1000,
                        "split_running_time": 2507,
                        "split_stroke_count": 52,
                        "split_stroke_rate": 25,
                        "split_time": 1272,
                        "split_type": "distance_split"
                    },
                    {
                        "split_avg_pace": "2:02.8",
                        "split_calories": 32,
                        "split_distance": 500,
                        "split_drag_factor": 107,
                        "split_running_calories": 95,
                        "split_running_distance": 1500,
                        "split_running_time": 3735,
                        "split_stroke_count": 58,
                        "split_stroke_rate": 28,
                        "split_time": 1228,
                        "split_type": "distance_split"
                    },
                    {
                        "split_avg_pace": "1:58.8",
                        "split_calories": 33,
                        "split_distance": 500,
                        "split_drag_factor": 108,
                        "split_running_calories": 128,
                        "split_running_distance": 2000,
                        "split_running_time": 4923,
                        "split_stroke_count": 65,
                        "split_stroke_rate": 33,
                        "split_time": 1188,
                        "split_type": "distance_split"
                    }
                ],
                "spm": 27,
                "time": "8:12.4"
            }
        ],
        "race_duration_type": "distance",
        "race_end_time": "2023-01-22 11:01:45",
        "race_event_site": "2000 m SNO",
        "race_file_name": "Progressif.rac2",
        "race_id": "",
        "race_name": "Progressif",
        "race_start_time": "2023-01-22 10:53:32",
        "race_type": "individual",
        "time_cap": 0
    }
}
