{
    "results": {
        "c2_race_id": "",
        "duration": 2000,
        "ergrace_version": "02.01.17",
        "participants": [
            {
                "affiliation": "",
                "avg_pace": "2:19.3",
                "calories": 114,
                "class": "",
                "distance": 2000,
                "id": "",
                "lane": 2,
                "logbook_id": "",
                "logged_time": "22/01/2023 10:47:00",
                "machine_type": "row",
                "participant": "Merle",
                "place": 1,
                "score": "9:17.3",
                "serial_number": 530087901,
                "splits": [
                    {
                        "split_avg_pace": "2:13.2",
                        "split_calories": 30,
                        "split_distance": 500,
                        "split_drag_factor": 118,
                        "split_running_calories": 30,
                        "split_running_distance": 500,
                        "split_running_time": 1332,
                        "split_stroke_count": 70,
                        "split_stroke_rate": 32,
                        "split_time": 1332,
                        "split_type": "distance_split"
                    },
                    {
                        "split_avg_pace": "2:19.0",
                        "split_calories": 28,
                        "split_distance": 500,
                        "split_drag_factor": 117,
                        "split_running_calories": 58,
                        "split_running_distance": 1000,
                        "split_running_time": 2722,
                        "split_stroke_count": 69,
                        "split_stroke_rate": 30,
                        "split_time": 1390,
                        "split_type": "distance_split"
                    },
                    {
                        "split_avg_pace": "2:24.4",
                        "split_calories": 28,
                        "split_distance": 500,
                        "split_drag_factor": 117,
                        "split_running_calories": 86,
                        "split_running_distance": 1500,
                        "split_running_time": 4166,
                        "split_stroke_count": 70,
                        "split_stroke_rate": 29,
                        "split_time": 1444,
                        "split_type": "distance_split"
                    },
                    {
                        "split_avg_pace": "2:20.7",
                        "split_calories": 28,
                        "split_distance": 500,
                        "split_drag_factor": 118,
                        "split_running_calories": 114,
                        "split_running_distance": 2000,
                        "split_running_time": 5573,
                        "split_stroke_count": 70,
                        "split_stroke_rate": 30,
                        "split_time": 1407,
                        "split_type": "distance_split"
                    }
                ],
                "spm": 30,
                "time": "9:17.3"
            },
            {
                "affiliation": "",
                "avg_pace": "2:26.0",
                "calories": 110,
                "class": "",
                "distance": 2000,
                "id": "",
                "lane": 1,
                "logbook_id": "",
                "logged_time": "22/01/2023 10:48:00",
                "machine_type": "row",
                "participant": "Léonore",
                "place": 2,
                "score": "9:44.0",
                "serial_number": 530398582,
                "splits": [
                    {
                        "split_avg_pace": "2:17.9",
                        "split_calories": 29,
                        "split_distance": 500,
                        "split_drag_factor": 108,
                        "split_running_calories": 29,
                        "split_running_distance": 500,
                        "split_running_time": 1379,
                        "split_stroke_count": 68,
                        "split_stroke_rate": 30,
                        "split_time": 1379,
                        "split_type": "distance_split"
                    },
                    {
                        "split_avg_pace": "2:28.5",
                        "split_calories": 27,
                        "split_distance": 500,
                        "split_drag_factor": 123,
                        "split_running_calories": 56,
                        "split_running_distance": 1000,
                        "split_running_time": 2864,
                        "split_stroke_count": 62,
                        "split_stroke_rate": 25,
                        "split_time": 1485,
                        "split_type": "distance_split"
                    },
                    {
                        "split_avg_pace": "2:29.4",
                        "split_calories": 27,
                        "split_distance": 500,
                        "split_drag_factor": 108,
                        "split_running_calories": 83,
                        "split_running_distance": 1500,
                        "split_running_time": 4358,
                        "split_stroke_count": 60,
                        "split_stroke_rate": 24,
                        "split_time": 1494,
                        "split_type": "distance_split"
                    },
                    {
                        "split_avg_pace": "2:28.2",
                        "split_calories": 27,
                        "split_distance": 500,
                        "split_drag_factor": 109,
                        "split_running_calories": 110,
                        "split_running_distance": 2000,
                        "split_running_time": 5840,
                        "split_stroke_count": 58,
                        "split_stroke_rate": 23,
                        "split_time": 1482,
                        "split_type": "distance_split"
                    }
                ],
                "spm": 25,
                "time": "9:44.0"
            },
            {
                "affiliation": "",
                "avg_pace": "2:29.0",
                "calories": 109,
                "class": "",
                "distance": 2000,
                "id": "",
                "lane": 3,
                "logbook_id": "",
                "logged_time": "22/01/2023 10:48:00",
                "machine_type": "row",
                "participant": "Valérie",
                "place": 3,
                "score": "9:56.3",
                "serial_number": 430839301,
                "splits": [
                    {
                        "split_avg_pace": "2:24.0",
                        "split_calories": 28,
                        "split_distance": 500,
                        "split_drag_factor": 107,
                        "split_running_calories": 28,
                        "split_running_distance": 500,
                        "split_running_time": 1440,
                        "split_stroke_count": 69,
                        "split_stroke_rate": 29,
                        "split_time": 1440,
                        "split_type": "distance_split"
                    },
                    {
                        "split_avg_pace": "2:30.8",
                        "split_calories": 27,
                        "split_distance": 500,
                        "split_drag_factor": 107,
                        "split_running_calories": 55,
                        "split_running_distance": 1000,
                        "split_running_time": 2948,
                        "split_stroke_count": 67,
                        "split_stroke_rate": 27,
                        "split_time": 1508,
                        "split_type": "distance_split"
                    },
                    {
                        "split_avg_pace": "2:31.6",
                        "split_calories": 27,
                        "split_distance": 500,
                        "split_drag_factor": 107,
                        "split_running_calories": 82,
                        "split_running_distance": 1500,
                        "split_running_time": 4464,
                        "split_stroke_count": 69,
                        "split_stroke_rate": 27,
                        "split_time": 1516,
                        "split_type": "distance_split"
                    },
                    {
                        "split_avg_pace": "2:29.9",
                        "split_calories": 27,
                        "split_distance": 500,
                        "split_drag_factor": 107,
                        "split_running_calories": 109,
                        "split_running_distance": 2000,
                        "split_running_time": 5963,
                        "split_stroke_count": 74,
                        "split_stroke_rate": 30,
                        "split_time": 1499,
                        "split_type": "distance_split"
                    }
                ],
                "spm": 28,
                "time": "9:56.3"
            },
            {
                "affiliation": "",
                "avg_pace": "2:41.7",
                "calories": 103,
                "class": "",
                "distance": 2000,
                "id": "",
                "lane": 4,
                "logbook_id": "",
                "logged_time": "22/01/2023 10:49:00",
                "machine_type": "row",
                "participant": "Amaury",
                "place": 4,
                "score": "10:47.1",
                "serial_number": 530392424,
                "splits": [
                    {
                        "split_avg_pace": "2:41.7",
                        "split_calories": 26,
                        "split_distance": 500,
                        "split_drag_factor": 113,
                        "split_running_calories": 26,
                        "split_running_distance": 500,
                        "split_running_time": 1617,
                        "split_stroke_count": 92,
                        "split_stroke_rate": 34,
                        "split_time": 1617,
                        "split_type": "distance_split"
                    },
                    {
                        "split_avg_pace": "2:46.8",
                        "split_calories": 25,
                        "split_distance": 500,
                        "split_drag_factor": 113,
                        "split_running_calories": 51,
                        "split_running_distance": 1000,
                        "split_running_time": 3285,
                        "split_stroke_count": 93,
                        "split_stroke_rate": 33,
                        "split_time": 1668,
                        "split_type": "distance_split"
                    },
                    {
                        "split_avg_pace": "2:42.9",
                        "split_calories": 26,
                        "split_distance": 500,
                        "split_drag_factor": 123,
                        "split_running_calories": 77,
                        "split_running_distance": 1500,
                        "split_running_time": 4914,
                        "split_stroke_count": 92,
                        "split_stroke_rate": 34,
                        "split_time": 1629,
                        "split_type": "distance_split"
                    },
                    {
                        "split_avg_pace": "2:35.7",
                        "split_calories": 26,
                        "split_distance": 500,
                        "split_drag_factor": 123,
                        "split_running_calories": 103,
                        "split_running_distance": 2000,
                        "split_running_time": 6471,
                        "split_stroke_count": 95,
                        "split_stroke_rate": 37,
                        "split_time": 1557,
                        "split_type": "distance_split"
                    }
                ],
                "spm": 34,
                "time": "10:47.1"
            }
        ],
        "race_duration_type": "distance",
        "race_end_time": "2023-01-22 10:49:45",
        "race_event_site": "2000 m SNO",
        "race_file_name": "Série 5.rac2",
        "race_id": "",
        "race_name": "Série 5",
        "race_start_time": "2023-01-22 10:38:58",
        "race_type": "individual",
        "time_cap": 0
    }
}
