{
    "results": {
        "c2_race_id": "",
        "duration": 2000,
        "ergrace_version": "02.01.17",
        "participants": [
            {
                "affiliation": "",
                "avg_pace": "1:59.5",
                "calories": 132,
                "class": "",
                "distance": 2000,
                "id": "",
                "lane": 1,
                "logbook_id": "",
                "logged_time": "22/01/2023 10:33:00",
                "machine_type": "row",
                "participant": "Alice",
                "place": 1,
                "score": "7:58.1",
                "serial_number": 530398582,
                "splits": [
                    {
                        "split_avg_pace": "1:59.4",
                        "split_calories": 33,
                        "split_distance": 500,
                        "split_drag_factor": 109,
                        "split_running_calories": 33,
                        "split_running_distance": 500,
                        "split_running_time": 1194,
                        "split_stroke_count": 60,
                        "split_stroke_rate": 30,
                        "split_time": 1194,
                        "split_type": "distance_split"
                    },
                    {
                        "split_avg_pace": "2:00.6",
                        "split_calories": 33,
                        "split_distance": 500,
                        "split_drag_factor": 109,
                        "split_running_calories": 66,
                        "split_running_distance": 1000,
                        "split_running_time": 2400,
                        "split_stroke_count": 57,
                        "split_stroke_rate": 28,
                        "split_time": 1206,
                        "split_type": "distance_split"
                    },
                    {
                        "split_avg_pace": "2:00.3",
                        "split_calories": 33,
                        "split_distance": 500,
                        "split_drag_factor": 109,
                        "split_running_calories": 99,
                        "split_running_distance": 1500,
                        "split_running_time": 3603,
                        "split_stroke_count": 55,
                        "split_stroke_rate": 27,
                        "split_time": 1203,
                        "split_type": "distance_split"
                    },
                    {
                        "split_avg_pace": "1:57.8",
                        "split_calories": 33,
                        "split_distance": 500,
                        "split_drag_factor": 109,
                        "split_running_calories": 132,
                        "split_running_distance": 2000,
                        "split_running_time": 4781,
                        "split_stroke_count": 57,
                        "split_stroke_rate": 29,
                        "split_time": 1178,
                        "split_type": "distance_split"
                    }
                ],
                "spm": 28,
                "time": "7:58.1"
            },
            {
                "affiliation": "",
                "avg_pace": "2:10.4",
                "calories": 121,
                "class": "",
                "distance": 2000,
                "id": "",
                "lane": 2,
                "logbook_id": "",
                "logged_time": "22/01/2023 10:34:00",
                "machine_type": "row",
                "participant": "Ivan",
                "place": 2,
                "score": "8:41.9",
                "serial_number": 530087901,
                "splits": [
                    {
                        "split_avg_pace": "2:01.1",
                        "split_calories": 33,
                        "split_distance": 500,
                        "split_drag_factor": 118,
                        "split_running_calories": 33,
                        "split_running_distance": 500,
                        "split_running_time": 1211,
                        "split_stroke_count": 67,
                        "split_stroke_rate": 33,
                        "split_time": 1211,
                        "split_type": "distance_split"
                    },
                    {
                        "split_avg_pace": "2:11.0",
                        "split_calories": 30,
                        "split_distance": 500,
                        "split_drag_factor": 118,
                        "split_running_calories": 63,
                        "split_running_distance": 1000,
                        "split_running_time": 2521,
                        "split_stroke_count": 67,
                        "split_stroke_rate": 31,
                        "split_time": 1310,
                        "split_type": "distance_split"
                    },
                    {
                        "split_avg_pace": "2:15.3",
                        "split_calories": 29,
                        "split_distance": 500,
                        "split_drag_factor": 118,
                        "split_running_calories": 92,
                        "split_running_distance": 1500,
                        "split_running_time": 3874,
                        "split_stroke_count": 69,
                        "split_stroke_rate": 31,
                        "split_time": 1353,
                        "split_type": "distance_split"
                    },
                    {
                        "split_avg_pace": "2:14.5",
                        "split_calories": 29,
                        "split_distance": 500,
                        "split_drag_factor": 118,
                        "split_running_calories": 121,
                        "split_running_distance": 2000,
                        "split_running_time": 5219,
                        "split_stroke_count": 71,
                        "split_stroke_rate": 32,
                        "split_time": 1345,
                        "split_type": "distance_split"
                    }
                ],
                "spm": 31,
                "time": "8:41.9"
            },
            {
                "affiliation": "",
                "avg_pace": "2:14.1",
                "calories": 118,
                "class": "",
                "distance": 2000,
                "id": "",
                "lane": 3,
                "logbook_id": "",
                "logged_time": "22/01/2023 10:34:00",
                "machine_type": "row",
                "participant": "Lison",
                "place": 3,
                "score": "8:56.7",
                "serial_number": 430839301,
                "splits": [
                    {
                        "split_avg_pace": "2:08.2",
                        "split_calories": 31,
                        "split_distance": 500,
                        "split_drag_factor": 113,
                        "split_running_calories": 31,
                        "split_running_distance": 500,
                        "split_running_time": 1282,
                        "split_stroke_count": 68,
                        "split_stroke_rate": 32,
                        "split_time": 1282,
                        "split_type": "distance_split"
                    },
                    {
                        "split_avg_pace": "2:14.4",
                        "split_calories": 29,
                        "split_distance": 500,
                        "split_drag_factor": 113,
                        "split_running_calories": 60,
                        "split_running_distance": 1000,
                        "split_running_time": 2626,
                        "split_stroke_count": 69,
                        "split_stroke_rate": 31,
                        "split_time": 1344,
                        "split_type": "distance_split"
                    },
                    {
                        "split_avg_pace": "2:22.1",
                        "split_calories": 28,
                        "split_distance": 500,
                        "split_drag_factor": 113,
                        "split_running_calories": 88,
                        "split_running_distance": 1500,
                        "split_running_time": 4047,
                        "split_stroke_count": 71,
                        "split_stroke_rate": 30,
                        "split_time": 1421,
                        "split_type": "distance_split"
                    },
                    {
                        "split_avg_pace": "2:12.0",
                        "split_calories": 30,
                        "split_distance": 500,
                        "split_drag_factor": 113,
                        "split_running_calories": 118,
                        "split_running_distance": 2000,
                        "split_running_time": 5367,
                        "split_stroke_count": 67,
                        "split_stroke_rate": 30,
                        "split_time": 1320,
                        "split_type": "distance_split"
                    }
                ],
                "spm": 30,
                "time": "8:56.7"
            },
            {
                "affiliation": "",
                "avg_pace": "2:18.9",
                "calories": 114,
                "class": "",
                "distance": 2000,
                "id": "",
                "lane": 4,
                "logbook_id": "",
                "logged_time": "22/01/2023 10:35:00",
                "machine_type": "row",
                "participant": "Charlotte",
                "place": 4,
                "score": "9:15.9",
                "serial_number": 530392424,
                "splits": [
                    {
                        "split_avg_pace": "2:11.1",
                        "split_calories": 30,
                        "split_distance": 500,
                        "split_drag_factor": 114,
                        "split_running_calories": 30,
                        "split_running_distance": 500,
                        "split_running_time": 1311,
                        "split_stroke_count": 70,
                        "split_stroke_rate": 32,
                        "split_time": 1311,
                        "split_type": "distance_split"
                    },
                    {
                        "split_avg_pace": "2:19.4",
                        "split_calories": 28,
                        "split_distance": 500,
                        "split_drag_factor": 114,
                        "split_running_calories": 58,
                        "split_running_distance": 1000,
                        "split_running_time": 2705,
                        "split_stroke_count": 69,
                        "split_stroke_rate": 30,
                        "split_time": 1394,
                        "split_type": "distance_split"
                    },
                    {
                        "split_avg_pace": "2:22.8",
                        "split_calories": 28,
                        "split_distance": 500,
                        "split_drag_factor": 114,
                        "split_running_calories": 86,
                        "split_running_distance": 1500,
                        "split_running_time": 4133,
                        "split_stroke_count": 65,
                        "split_stroke_rate": 27,
                        "split_time": 1428,
                        "split_type": "distance_split"
                    },
                    {
                        "split_avg_pace": "2:22.6",
                        "split_calories": 28,
                        "split_distance": 500,
                        "split_drag_factor": 114,
                        "split_running_calories": 114,
                        "split_running_distance": 2000,
                        "split_running_time": 5559,
                        "split_stroke_count": 71,
                        "split_stroke_rate": 30,
                        "split_time": 1426,
                        "split_type": "distance_split"
                    }
                ],
                "spm": 29,
                "time": "9:15.9"
            }
        ],
        "race_duration_type": "distance",
        "race_end_time": "2023-01-22 10:35:53",
        "race_event_site": "2000 m SNO",
        "race_file_name": "Série 4.rac2",
        "race_id": "",
        "race_name": "Default Race",
        "race_start_time": "2023-01-22 10:26:36",
        "race_type": "individual",
        "time_cap": 0
    }
}
