{
    "results": {
        "c2_race_id": "",
        "duration": 2000,
        "ergrace_version": "02.01.17",
        "participants": [
            {
                "affiliation": "",
                "avg_pace": "1:59.3",
                "calories": 131,
                "class": "",
                "distance": 2000,
                "id": "",
                "lane": 3,
                "logbook_id": "",
                "logged_time": "22/01/2023 09:51:00",
                "machine_type": "row",
                "participant": "Eric",
                "place": 1,
                "score": "7:57.3",
                "serial_number": 430839301,
                "splits": [
                    {
                        "split_avg_pace": "1:59.4",
                        "split_calories": 33,
                        "split_distance": 500,
                        "split_drag_factor": 120,
                        "split_running_calories": 33,
                        "split_running_distance": 500,
                        "split_running_time": 1194,
                        "split_stroke_count": 56,
                        "split_stroke_rate": 28,
                        "split_time": 1194,
                        "split_type": "distance_split"
                    },
                    {
                        "split_avg_pace": "2:01.2",
                        "split_calories": 32,
                        "split_distance": 500,
                        "split_drag_factor": 120,
                        "split_running_calories": 65,
                        "split_running_distance": 1000,
                        "split_running_time": 2406,
                        "split_stroke_count": 53,
                        "split_stroke_rate": 26,
                        "split_time": 1212,
                        "split_type": "distance_split"
                    },
                    {
                        "split_avg_pace": "2:01.2",
                        "split_calories": 32,
                        "split_distance": 500,
                        "split_drag_factor": 120,
                        "split_running_calories": 97,
                        "split_running_distance": 1500,
                        "split_running_time": 3618,
                        "split_stroke_count": 54,
                        "split_stroke_rate": 27,
                        "split_time": 1212,
                        "split_type": "distance_split"
                    },
                    {
                        "split_avg_pace": "1:55.5",
                        "split_calories": 34,
                        "split_distance": 500,
                        "split_drag_factor": 120,
                        "split_running_calories": 131,
                        "split_running_distance": 2000,
                        "split_running_time": 4773,
                        "split_stroke_count": 56,
                        "split_stroke_rate": 29,
                        "split_time": 1155,
                        "split_type": "distance_split"
                    }
                ],
                "spm": 27,
                "time": "7:57.3"
            },
            {
                "affiliation": "",
                "avg_pace": "2:00.9",
                "calories": 130,
                "class": "",
                "distance": 2000,
                "id": "",
                "lane": 1,
                "logbook_id": "",
                "logged_time": "22/01/2023 09:51:00",
                "machine_type": "row",
                "participant": "Edouard",
                "place": 2,
                "score": "8:03.7",
                "serial_number": 530398582,
                "splits": [
                    {
                        "split_avg_pace": "1:54.8",
                        "split_calories": 35,
                        "split_distance": 500,
                        "split_drag_factor": 121,
                        "split_running_calories": 35,
                        "split_running_distance": 500,
                        "split_running_time": 1148,
                        "split_stroke_count": 59,
                        "split_stroke_rate": 31,
                        "split_time": 1148,
                        "split_type": "distance_split"
                    },
                    {
                        "split_avg_pace": "2:05.5",
                        "split_calories": 31,
                        "split_distance": 500,
                        "split_drag_factor": 120,
                        "split_running_calories": 66,
                        "split_running_distance": 1000,
                        "split_running_time": 2403,
                        "split_stroke_count": 60,
                        "split_stroke_rate": 29,
                        "split_time": 1255,
                        "split_type": "distance_split"
                    },
                    {
                        "split_avg_pace": "2:05.3",
                        "split_calories": 31,
                        "split_distance": 500,
                        "split_drag_factor": 120,
                        "split_running_calories": 97,
                        "split_running_distance": 1500,
                        "split_running_time": 3656,
                        "split_stroke_count": 61,
                        "split_stroke_rate": 29,
                        "split_time": 1253,
                        "split_type": "distance_split"
                    },
                    {
                        "split_avg_pace": "1:58.1",
                        "split_calories": 33,
                        "split_distance": 500,
                        "split_drag_factor": 120,
                        "split_running_calories": 130,
                        "split_running_distance": 2000,
                        "split_running_time": 4837,
                        "split_stroke_count": 62,
                        "split_stroke_rate": 31,
                        "split_time": 1181,
                        "split_type": "distance_split"
                    }
                ],
                "spm": 30,
                "time": "8:03.7"
            },
            {
                "affiliation": "",
                "avg_pace": "2:05.2",
                "calories": 125,
                "class": "",
                "distance": 2000,
                "id": "",
                "lane": 2,
                "logbook_id": "",
                "logged_time": "22/01/2023 09:52:00",
                "machine_type": "row",
                "participant": "Baptiste",
                "place": 3,
                "score": "8:21.1",
                "serial_number": 530087901,
                "splits": [
                    {
                        "split_avg_pace": "1:58.6",
                        "split_calories": 33,
                        "split_distance": 500,
                        "split_drag_factor": 119,
                        "split_running_calories": 33,
                        "split_running_distance": 500,
                        "split_running_time": 1186,
                        "split_stroke_count": 53,
                        "split_stroke_rate": 27,
                        "split_time": 1186,
                        "split_type": "distance_split"
                    },
                    {
                        "split_avg_pace": "2:05.4",
                        "split_calories": 31,
                        "split_distance": 500,
                        "split_drag_factor": 119,
                        "split_running_calories": 64,
                        "split_running_distance": 1000,
                        "split_running_time": 2440,
                        "split_stroke_count": 50,
                        "split_stroke_rate": 24,
                        "split_time": 1254,
                        "split_type": "distance_split"
                    },
                    {
                        "split_avg_pace": "2:10.7",
                        "split_calories": 30,
                        "split_distance": 500,
                        "split_drag_factor": 118,
                        "split_running_calories": 94,
                        "split_running_distance": 1500,
                        "split_running_time": 3747,
                        "split_stroke_count": 49,
                        "split_stroke_rate": 23,
                        "split_time": 1307,
                        "split_type": "distance_split"
                    },
                    {
                        "split_avg_pace": "2:06.5",
                        "split_calories": 31,
                        "split_distance": 500,
                        "split_drag_factor": 118,
                        "split_running_calories": 125,
                        "split_running_distance": 2000,
                        "split_running_time": 5012,
                        "split_stroke_count": 56,
                        "split_stroke_rate": 27,
                        "split_time": 1265,
                        "split_type": "distance_split"
                    }
                ],
                "spm": 24,
                "time": "8:21.1"
            },
            {
                "affiliation": "",
                "avg_pace": "2:06.0",
                "calories": 124,
                "class": "",
                "distance": 2000,
                "id": "",
                "lane": 4,
                "logbook_id": "",
                "logged_time": "22/01/2023 09:52:00",
                "machine_type": "row",
                "participant": "Loïs",
                "place": 4,
                "score": "8:24.1",
                "serial_number": 430321703,
                "splits": [
                    {
                        "split_avg_pace": "1:59.1",
                        "split_calories": 33,
                        "split_distance": 500,
                        "split_drag_factor": 116,
                        "split_running_calories": 33,
                        "split_running_distance": 500,
                        "split_running_time": 1191,
                        "split_stroke_count": 61,
                        "split_stroke_rate": 31,
                        "split_time": 1191,
                        "split_type": "distance_split"
                    },
                    {
                        "split_avg_pace": "2:10.2",
                        "split_calories": 30,
                        "split_distance": 500,
                        "split_drag_factor": 115,
                        "split_running_calories": 63,
                        "split_running_distance": 1000,
                        "split_running_time": 2493,
                        "split_stroke_count": 62,
                        "split_stroke_rate": 29,
                        "split_time": 1302,
                        "split_type": "distance_split"
                    },
                    {
                        "split_avg_pace": "2:09.4",
                        "split_calories": 30,
                        "split_distance": 500,
                        "split_drag_factor": 115,
                        "split_running_calories": 93,
                        "split_running_distance": 1500,
                        "split_running_time": 3787,
                        "split_stroke_count": 65,
                        "split_stroke_rate": 30,
                        "split_time": 1294,
                        "split_type": "distance_split"
                    },
                    {
                        "split_avg_pace": "2:05.4",
                        "split_calories": 31,
                        "split_distance": 500,
                        "split_drag_factor": 115,
                        "split_running_calories": 124,
                        "split_running_distance": 2000,
                        "split_running_time": 5041,
                        "split_stroke_count": 66,
                        "split_stroke_rate": 32,
                        "split_time": 1254,
                        "split_type": "distance_split"
                    }
                ],
                "spm": 30,
                "time": "8:24.1"
            }
        ],
        "race_duration_type": "distance",
        "race_end_time": "2023-01-22 09:52:15",
        "race_event_site": "2000 m SNO",
        "race_file_name": "Série 1.rac2",
        "race_id": "",
        "race_name": "Série 1",
        "race_start_time": "2023-01-22 09:43:50",
        "race_type": "individual",
        "time_cap": 0
    }
}
