{
    "results": {
        "c2_race_id": "",
        "duration": 2000,
        "ergrace_version": "02.01.17",
        "participants": [
            {
                "affiliation": "",
                "avg_pace": "1:44.8",
                "calories": 154,
                "class": "",
                "distance": 2000,
                "id": "",
                "lane": 2,
                "logbook_id": "",
                "logged_time": "22/01/2023 11:10:00",
                "machine_type": "row",
                "participant": "Thomas",
                "place": 1,
                "score": "6:59.5",
                "serial_number": 530087901,
                "splits": [
                    {
                        "split_avg_pace": "1:41.0",
                        "split_calories": 41,
                        "split_distance": 500,
                        "split_drag_factor": 118,
                        "split_running_calories": 41,
                        "split_running_distance": 500,
                        "split_running_time": 1010,
                        "split_stroke_count": 57,
                        "split_stroke_rate": 34,
                        "split_time": 1010,
                        "split_type": "distance_split"
                    },
                    {
                        "split_avg_pace": "1:45.5",
                        "split_calories": 38,
                        "split_distance": 500,
                        "split_drag_factor": 118,
                        "split_running_calories": 79,
                        "split_running_distance": 1000,
                        "split_running_time": 2065,
                        "split_stroke_count": 54,
                        "split_stroke_rate": 31,
                        "split_time": 1055,
                        "split_type": "distance_split"
                    },
                    {
                        "split_avg_pace": "1:47.6",
                        "split_calories": 37,
                        "split_distance": 500,
                        "split_drag_factor": 117,
                        "split_running_calories": 116,
                        "split_running_distance": 1500,
                        "split_running_time": 3141,
                        "split_stroke_count": 57,
                        "split_stroke_rate": 32,
                        "split_time": 1076,
                        "split_type": "distance_split"
                    },
                    {
                        "split_avg_pace": "1:45.3",
                        "split_calories": 38,
                        "split_distance": 500,
                        "split_drag_factor": 117,
                        "split_running_calories": 154,
                        "split_running_distance": 2000,
                        "split_running_time": 4194,
                        "split_stroke_count": 66,
                        "split_stroke_rate": 38,
                        "split_time": 1053,
                        "split_type": "distance_split"
                    }
                ],
                "spm": 33,
                "time": "6:59.5"
            },
            {
                "affiliation": "",
                "avg_pace": "1:45.5",
                "calories": 153,
                "class": "",
                "distance": 2000,
                "id": "",
                "lane": 1,
                "logbook_id": "",
                "logged_time": "22/01/2023 11:10:00",
                "machine_type": "row",
                "participant": "Jerome",
                "place": 2,
                "score": "7:02.0",
                "serial_number": 530398582,
                "splits": [
                    {
                        "split_avg_pace": "1:44.0",
                        "split_calories": 39,
                        "split_distance": 500,
                        "split_drag_factor": 115,
                        "split_running_calories": 39,
                        "split_running_distance": 500,
                        "split_running_time": 1040,
                        "split_stroke_count": 54,
                        "split_stroke_rate": 31,
                        "split_time": 1040,
                        "split_type": "distance_split"
                    },
                    {
                        "split_avg_pace": "1:45.5",
                        "split_calories": 38,
                        "split_distance": 500,
                        "split_drag_factor": 115,
                        "split_running_calories": 77,
                        "split_running_distance": 1000,
                        "split_running_time": 2095,
                        "split_stroke_count": 55,
                        "split_stroke_rate": 31,
                        "split_time": 1055,
                        "split_type": "distance_split"
                    },
                    {
                        "split_avg_pace": "1:46.6",
                        "split_calories": 38,
                        "split_distance": 500,
                        "split_drag_factor": 115,
                        "split_running_calories": 115,
                        "split_running_distance": 1500,
                        "split_running_time": 3161,
                        "split_stroke_count": 56,
                        "split_stroke_rate": 32,
                        "split_time": 1066,
                        "split_type": "distance_split"
                    },
                    {
                        "split_avg_pace": "1:46.0",
                        "split_calories": 38,
                        "split_distance": 500,
                        "split_drag_factor": 115,
                        "split_running_calories": 153,
                        "split_running_distance": 2000,
                        "split_running_time": 4221,
                        "split_stroke_count": 59,
                        "split_stroke_rate": 33,
                        "split_time": 1060,
                        "split_type": "distance_split"
                    }
                ],
                "spm": 31,
                "time": "7:02.0"
            },
            {
                "affiliation": "",
                "avg_pace": "1:48.9",
                "calories": 147,
                "class": "",
                "distance": 2000,
                "id": "",
                "lane": 3,
                "logbook_id": "",
                "logged_time": "22/01/2023 11:10:00",
                "machine_type": "row",
                "participant": "Corentin",
                "place": 3,
                "score": "7:15.9",
                "serial_number": 430839301,
                "splits": [
                    {
                        "split_avg_pace": "1:48.3",
                        "split_calories": 37,
                        "split_distance": 500,
                        "split_drag_factor": 108,
                        "split_running_calories": 37,
                        "split_running_distance": 500,
                        "split_running_time": 1083,
                        "split_stroke_count": 51,
                        "split_stroke_rate": 28,
                        "split_time": 1083,
                        "split_type": "distance_split"
                    },
                    {
                        "split_avg_pace": "1:50.9",
                        "split_calories": 36,
                        "split_distance": 500,
                        "split_drag_factor": 108,
                        "split_running_calories": 73,
                        "split_running_distance": 1000,
                        "split_running_time": 2192,
                        "split_stroke_count": 47,
                        "split_stroke_rate": 25,
                        "split_time": 1109,
                        "split_type": "distance_split"
                    },
                    {
                        "split_avg_pace": "1:49.9",
                        "split_calories": 36,
                        "split_distance": 500,
                        "split_drag_factor": 107,
                        "split_running_calories": 109,
                        "split_running_distance": 1500,
                        "split_running_time": 3291,
                        "split_stroke_count": 48,
                        "split_stroke_rate": 26,
                        "split_time": 1099,
                        "split_type": "distance_split"
                    },
                    {
                        "split_avg_pace": "1:46.8",
                        "split_calories": 38,
                        "split_distance": 500,
                        "split_drag_factor": 107,
                        "split_running_calories": 147,
                        "split_running_distance": 2000,
                        "split_running_time": 4359,
                        "split_stroke_count": 54,
                        "split_stroke_rate": 30,
                        "split_time": 1068,
                        "split_type": "distance_split"
                    }
                ],
                "spm": 27,
                "time": "7:15.9"
            },
            {
                "affiliation": "",
                "avg_pace": "2:14.9",
                "calories": 117,
                "class": "",
                "distance": 2000,
                "id": "",
                "lane": 4,
                "logbook_id": "",
                "logged_time": "22/01/2023 11:12:00",
                "machine_type": "row",
                "participant": "Dominique",
                "place": 4,
                "score": "8:59.7",
                "serial_number": 530392424,
                "splits": [
                    {
                        "split_avg_pace": "2:14.1",
                        "split_calories": 29,
                        "split_distance": 500,
                        "split_drag_factor": 127,
                        "split_running_calories": 29,
                        "split_running_distance": 500,
                        "split_running_time": 1341,
                        "split_stroke_count": 65,
                        "split_stroke_rate": 29,
                        "split_time": 1341,
                        "split_type": "distance_split"
                    },
                    {
                        "split_avg_pace": "2:18.2",
                        "split_calories": 29,
                        "split_distance": 500,
                        "split_drag_factor": 127,
                        "split_running_calories": 58,
                        "split_running_distance": 1000,
                        "split_running_time": 2723,
                        "split_stroke_count": 64,
                        "split_stroke_rate": 28,
                        "split_time": 1382,
                        "split_type": "distance_split"
                    },
                    {
                        "split_avg_pace": "2:17.8",
                        "split_calories": 29,
                        "split_distance": 500,
                        "split_drag_factor": 127,
                        "split_running_calories": 87,
                        "split_running_distance": 1500,
                        "split_running_time": 4101,
                        "split_stroke_count": 65,
                        "split_stroke_rate": 28,
                        "split_time": 1378,
                        "split_type": "distance_split"
                    },
                    {
                        "split_avg_pace": "2:09.6",
                        "split_calories": 30,
                        "split_distance": 500,
                        "split_drag_factor": 127,
                        "split_running_calories": 117,
                        "split_running_distance": 2000,
                        "split_running_time": 5397,
                        "split_stroke_count": 66,
                        "split_stroke_rate": 31,
                        "split_time": 1296,
                        "split_type": "distance_split"
                    }
                ],
                "spm": 28,
                "time": "8:59.7"
            }
        ],
        "race_duration_type": "distance",
        "race_end_time": "2023-01-22 11:13:03",
        "race_event_site": "2000 m SNO",
        "race_file_name": "Série 6.rac2",
        "race_id": "",
        "race_name": "Série 6",
        "race_start_time": "2023-01-22 11:04:02",
        "race_type": "individual",
        "time_cap": 0
    }
}
