{
    "results": {
        "c2_race_id": "",
        "duration": 2000,
        "ergrace_version": "02.01.17",
        "participants": [
            {
                "affiliation": "",
                "avg_pace": "2:05.4",
                "calories": 125,
                "class": "",
                "distance": 2000,
                "id": "",
                "lane": 2,
                "logbook_id": "",
                "logged_time": "22/01/2023 10:14:00",
                "machine_type": "row",
                "participant": "Léa",
                "place": 1,
                "score": "8:21.9",
                "serial_number": 530087901,
                "splits": [
                    {
                        "split_avg_pace": "1:58.3",
                        "split_calories": 34,
                        "split_distance": 500,
                        "split_drag_factor": 118,
                        "split_running_calories": 34,
                        "split_running_distance": 500,
                        "split_running_time": 1183,
                        "split_stroke_count": 61,
                        "split_stroke_rate": 31,
                        "split_time": 1183,
                        "split_type": "distance_split"
                    },
                    {
                        "split_avg_pace": "2:04.6",
                        "split_calories": 31,
                        "split_distance": 500,
                        "split_drag_factor": 117,
                        "split_running_calories": 65,
                        "split_running_distance": 1000,
                        "split_running_time": 2429,
                        "split_stroke_count": 56,
                        "split_stroke_rate": 27,
                        "split_time": 1246,
                        "split_type": "distance_split"
                    },
                    {
                        "split_avg_pace": "2:09.9",
                        "split_calories": 30,
                        "split_distance": 500,
                        "split_drag_factor": 117,
                        "split_running_calories": 95,
                        "split_running_distance": 1500,
                        "split_running_time": 3728,
                        "split_stroke_count": 60,
                        "split_stroke_rate": 28,
                        "split_time": 1299,
                        "split_type": "distance_split"
                    },
                    {
                        "split_avg_pace": "2:09.2",
                        "split_calories": 30,
                        "split_distance": 500,
                        "split_drag_factor": 118,
                        "split_running_calories": 125,
                        "split_running_distance": 2000,
                        "split_running_time": 5020,
                        "split_stroke_count": 64,
                        "split_stroke_rate": 30,
                        "split_time": 1292,
                        "split_type": "distance_split"
                    }
                ],
                "spm": 28,
                "time": "8:21.9"
            },
            {
                "affiliation": "",
                "avg_pace": "2:12.4",
                "calories": 118,
                "class": "",
                "distance": 2000,
                "id": "",
                "lane": 4,
                "logbook_id": "",
                "logged_time": "22/01/2023 10:14:00",
                "machine_type": "row",
                "participant": "Orlane",
                "place": 2,
                "score": "8:49.7",
                "serial_number": 430321703,
                "splits": [
                    {
                        "split_avg_pace": "2:10.3",
                        "split_calories": 30,
                        "split_distance": 500,
                        "split_drag_factor": 100,
                        "split_running_calories": 30,
                        "split_running_distance": 500,
                        "split_running_time": 1303,
                        "split_stroke_count": 67,
                        "split_stroke_rate": 31,
                        "split_time": 1303,
                        "split_type": "distance_split"
                    },
                    {
                        "split_avg_pace": "2:14.1",
                        "split_calories": 29,
                        "split_distance": 500,
                        "split_drag_factor": 100,
                        "split_running_calories": 59,
                        "split_running_distance": 1000,
                        "split_running_time": 2644,
                        "split_stroke_count": 65,
                        "split_stroke_rate": 29,
                        "split_time": 1341,
                        "split_type": "distance_split"
                    },
                    {
                        "split_avg_pace": "2:13.2",
                        "split_calories": 29,
                        "split_distance": 500,
                        "split_drag_factor": 100,
                        "split_running_calories": 88,
                        "split_running_distance": 1500,
                        "split_running_time": 3976,
                        "split_stroke_count": 66,
                        "split_stroke_rate": 30,
                        "split_time": 1332,
                        "split_type": "distance_split"
                    },
                    {
                        "split_avg_pace": "2:12.1",
                        "split_calories": 30,
                        "split_distance": 500,
                        "split_drag_factor": 100,
                        "split_running_calories": 118,
                        "split_running_distance": 2000,
                        "split_running_time": 5297,
                        "split_stroke_count": 74,
                        "split_stroke_rate": 34,
                        "split_time": 1321,
                        "split_type": "distance_split"
                    }
                ],
                "spm": 30,
                "time": "8:49.7"
            },
            {
                "affiliation": "",
                "avg_pace": "2:26.7",
                "calories": 110,
                "class": "",
                "distance": 2000,
                "id": "",
                "lane": 1,
                "logbook_id": "",
                "logged_time": "22/01/2023 10:15:00",
                "machine_type": "row",
                "participant": "Anaë",
                "place": 3,
                "score": "9:46.9",
                "serial_number": 530398582,
                "splits": [
                    {
                        "split_avg_pace": "2:13.4",
                        "split_calories": 30,
                        "split_distance": 500,
                        "split_drag_factor": 120,
                        "split_running_calories": 30,
                        "split_running_distance": 500,
                        "split_running_time": 1334,
                        "split_stroke_count": 64,
                        "split_stroke_rate": 29,
                        "split_time": 1334,
                        "split_type": "distance_split"
                    },
                    {
                        "split_avg_pace": "2:30.6",
                        "split_calories": 27,
                        "split_distance": 500,
                        "split_drag_factor": 119,
                        "split_running_calories": 57,
                        "split_running_distance": 1000,
                        "split_running_time": 2840,
                        "split_stroke_count": 57,
                        "split_stroke_rate": 23,
                        "split_time": 1506,
                        "split_type": "distance_split"
                    },
                    {
                        "split_avg_pace": "2:35.2",
                        "split_calories": 26,
                        "split_distance": 500,
                        "split_drag_factor": 119,
                        "split_running_calories": 83,
                        "split_running_distance": 1500,
                        "split_running_time": 4392,
                        "split_stroke_count": 58,
                        "split_stroke_rate": 22,
                        "split_time": 1552,
                        "split_type": "distance_split"
                    },
                    {
                        "split_avg_pace": "2:27.7",
                        "split_calories": 27,
                        "split_distance": 500,
                        "split_drag_factor": 120,
                        "split_running_calories": 110,
                        "split_running_distance": 2000,
                        "split_running_time": 5869,
                        "split_stroke_count": 60,
                        "split_stroke_rate": 24,
                        "split_time": 1477,
                        "split_type": "distance_split"
                    }
                ],
                "spm": 24,
                "time": "9:46.9"
            },
            {
                "affiliation": "",
                "avg_pace": "2:29.9",
                "calories": 108,
                "class": "",
                "distance": 2000,
                "id": "",
                "lane": 3,
                "logbook_id": "",
                "logged_time": "22/01/2023 10:16:00",
                "machine_type": "row",
                "participant": "Tom",
                "place": 4,
                "score": "9:59.6",
                "serial_number": 430839301,
                "splits": [
                    {
                        "split_avg_pace": "2:22.4",
                        "split_calories": 28,
                        "split_distance": 500,
                        "split_drag_factor": 112,
                        "split_running_calories": 28,
                        "split_running_distance": 500,
                        "split_running_time": 1424,
                        "split_stroke_count": 76,
                        "split_stroke_rate": 32,
                        "split_time": 1424,
                        "split_type": "distance_split"
                    },
                    {
                        "split_avg_pace": "2:32.2",
                        "split_calories": 27,
                        "split_distance": 500,
                        "split_drag_factor": 112,
                        "split_running_calories": 55,
                        "split_running_distance": 1000,
                        "split_running_time": 2946,
                        "split_stroke_count": 69,
                        "split_stroke_rate": 27,
                        "split_time": 1522,
                        "split_type": "distance_split"
                    },
                    {
                        "split_avg_pace": "2:31.3",
                        "split_calories": 27,
                        "split_distance": 500,
                        "split_drag_factor": 111,
                        "split_running_calories": 82,
                        "split_running_distance": 1500,
                        "split_running_time": 4459,
                        "split_stroke_count": 80,
                        "split_stroke_rate": 32,
                        "split_time": 1513,
                        "split_type": "distance_split"
                    },
                    {
                        "split_avg_pace": "2:33.7",
                        "split_calories": 26,
                        "split_distance": 500,
                        "split_drag_factor": 112,
                        "split_running_calories": 108,
                        "split_running_distance": 2000,
                        "split_running_time": 5996,
                        "split_stroke_count": 92,
                        "split_stroke_rate": 36,
                        "split_time": 1537,
                        "split_type": "distance_split"
                    }
                ],
                "spm": 31,
                "time": "9:59.6"
            }
        ],
        "race_duration_type": "distance",
        "race_end_time": "2023-01-22 10:16:20",
        "race_event_site": "2000 m SNO",
        "race_file_name": "Série 3.rac2",
        "race_id": "",
        "race_name": "Série 3",
        "race_start_time": "2023-01-22 10:06:19",
        "race_type": "individual",
        "time_cap": 0
    }
}
