{
    "results": {
        "c2_race_id": "",
        "duration": 2000,
        "ergrace_version": "02.01.17",
        "participants": [
            {
                "affiliation": "",
                "avg_pace": "2:07.8",
                "calories": 123,
                "class": "",
                "distance": 2000,
                "id": "",
                "lane": 4,
                "logbook_id": "",
                "logged_time": "22/01/2023 11:23:00",
                "machine_type": "row",
                "participant": "Nancy",
                "place": 1,
                "score": "8:31.4",
                "serial_number": 530392424,
                "splits": [
                    {
                        "split_avg_pace": "2:03.7",
                        "split_calories": 32,
                        "split_distance": 500,
                        "split_drag_factor": 128,
                        "split_running_calories": 32,
                        "split_running_distance": 500,
                        "split_running_time": 1237,
                        "split_stroke_count": 60,
                        "split_stroke_rate": 29,
                        "split_time": 1237,
                        "split_type": "distance_split"
                    },
                    {
                        "split_avg_pace": "2:07.9",
                        "split_calories": 31,
                        "split_distance": 500,
                        "split_drag_factor": 128,
                        "split_running_calories": 63,
                        "split_running_distance": 1000,
                        "split_running_time": 2516,
                        "split_stroke_count": 62,
                        "split_stroke_rate": 29,
                        "split_time": 1279,
                        "split_type": "distance_split"
                    },
                    {
                        "split_avg_pace": "2:10.4",
                        "split_calories": 30,
                        "split_distance": 500,
                        "split_drag_factor": 128,
                        "split_running_calories": 93,
                        "split_running_distance": 1500,
                        "split_running_time": 3820,
                        "split_stroke_count": 64,
                        "split_stroke_rate": 29,
                        "split_time": 1304,
                        "split_type": "distance_split"
                    },
                    {
                        "split_avg_pace": "2:09.4",
                        "split_calories": 30,
                        "split_distance": 500,
                        "split_drag_factor": 128,
                        "split_running_calories": 123,
                        "split_running_distance": 2000,
                        "split_running_time": 5114,
                        "split_stroke_count": 66,
                        "split_stroke_rate": 31,
                        "split_time": 1294,
                        "split_type": "distance_split"
                    }
                ],
                "spm": 29,
                "time": "8:31.4"
            },
            {
                "affiliation": "",
                "avg_pace": "2:09.8",
                "calories": 121,
                "class": "",
                "distance": 2000,
                "id": "",
                "lane": 3,
                "logbook_id": "",
                "logged_time": "22/01/2023 11:23:00",
                "machine_type": "row",
                "participant": "Eloïse",
                "place": 2,
                "score": "8:39.5",
                "serial_number": 430839301,
                "splits": [
                    {
                        "split_avg_pace": "2:08.7",
                        "split_calories": 31,
                        "split_distance": 500,
                        "split_drag_factor": 108,
                        "split_running_calories": 31,
                        "split_running_distance": 500,
                        "split_running_time": 1287,
                        "split_stroke_count": 63,
                        "split_stroke_rate": 29,
                        "split_time": 1287,
                        "split_type": "distance_split"
                    },
                    {
                        "split_avg_pace": "2:08.5",
                        "split_calories": 30,
                        "split_distance": 500,
                        "split_drag_factor": 108,
                        "split_running_calories": 61,
                        "split_running_distance": 1000,
                        "split_running_time": 2572,
                        "split_stroke_count": 64,
                        "split_stroke_rate": 30,
                        "split_time": 1285,
                        "split_type": "distance_split"
                    },
                    {
                        "split_avg_pace": "2:12.6",
                        "split_calories": 30,
                        "split_distance": 500,
                        "split_drag_factor": 107,
                        "split_running_calories": 91,
                        "split_running_distance": 1500,
                        "split_running_time": 3898,
                        "split_stroke_count": 67,
                        "split_stroke_rate": 30,
                        "split_time": 1326,
                        "split_type": "distance_split"
                    },
                    {
                        "split_avg_pace": "2:09.7",
                        "split_calories": 30,
                        "split_distance": 500,
                        "split_drag_factor": 107,
                        "split_running_calories": 121,
                        "split_running_distance": 2000,
                        "split_running_time": 5195,
                        "split_stroke_count": 68,
                        "split_stroke_rate": 31,
                        "split_time": 1297,
                        "split_type": "distance_split"
                    }
                ],
                "spm": 30,
                "time": "8:39.5"
            },
            {
                "affiliation": "",
                "avg_pace": "2:12.2",
                "calories": 119,
                "class": "",
                "distance": 2000,
                "id": "",
                "lane": 2,
                "logbook_id": "",
                "logged_time": "22/01/2023 11:24:00",
                "machine_type": "row",
                "participant": "Julie",
                "place": 3,
                "score": "8:48.9",
                "serial_number": 530087901,
                "splits": [
                    {
                        "split_avg_pace": "2:08.1",
                        "split_calories": 31,
                        "split_distance": 500,
                        "split_drag_factor": 118,
                        "split_running_calories": 31,
                        "split_running_distance": 500,
                        "split_running_time": 1281,
                        "split_stroke_count": 62,
                        "split_stroke_rate": 29,
                        "split_time": 1281,
                        "split_type": "distance_split"
                    },
                    {
                        "split_avg_pace": "2:14.4",
                        "split_calories": 29,
                        "split_distance": 500,
                        "split_drag_factor": 118,
                        "split_running_calories": 60,
                        "split_running_distance": 1000,
                        "split_running_time": 2625,
                        "split_stroke_count": 66,
                        "split_stroke_rate": 29,
                        "split_time": 1344,
                        "split_type": "distance_split"
                    },
                    {
                        "split_avg_pace": "2:15.3",
                        "split_calories": 29,
                        "split_distance": 500,
                        "split_drag_factor": 117,
                        "split_running_calories": 89,
                        "split_running_distance": 1500,
                        "split_running_time": 3978,
                        "split_stroke_count": 67,
                        "split_stroke_rate": 30,
                        "split_time": 1353,
                        "split_type": "distance_split"
                    },
                    {
                        "split_avg_pace": "2:11.0",
                        "split_calories": 30,
                        "split_distance": 500,
                        "split_drag_factor": 117,
                        "split_running_calories": 119,
                        "split_running_distance": 2000,
                        "split_running_time": 5288,
                        "split_stroke_count": 71,
                        "split_stroke_rate": 33,
                        "split_time": 1310,
                        "split_type": "distance_split"
                    }
                ],
                "spm": 30,
                "time": "8:48.9"
            },
            {
                "affiliation": "",
                "avg_pace": "2:12.4",
                "calories": 119,
                "class": "",
                "distance": 2000,
                "id": "",
                "lane": 1,
                "logbook_id": "",
                "logged_time": "22/01/2023 11:24:00",
                "machine_type": "row",
                "participant": "Hervé",
                "place": 4,
                "score": "8:49.9",
                "serial_number": 530398582,
                "splits": [
                    {
                        "split_avg_pace": "2:07.2",
                        "split_calories": 31,
                        "split_distance": 500,
                        "split_drag_factor": 131,
                        "split_running_calories": 31,
                        "split_running_distance": 500,
                        "split_running_time": 1272,
                        "split_stroke_count": 56,
                        "split_stroke_rate": 26,
                        "split_time": 1272,
                        "split_type": "distance_split"
                    },
                    {
                        "split_avg_pace": "2:13.4",
                        "split_calories": 29,
                        "split_distance": 500,
                        "split_drag_factor": 115,
                        "split_running_calories": 60,
                        "split_running_distance": 1000,
                        "split_running_time": 2606,
                        "split_stroke_count": 56,
                        "split_stroke_rate": 25,
                        "split_time": 1334,
                        "split_type": "distance_split"
                    },
                    {
                        "split_avg_pace": "2:16.5",
                        "split_calories": 29,
                        "split_distance": 500,
                        "split_drag_factor": 115,
                        "split_running_calories": 89,
                        "split_running_distance": 1500,
                        "split_running_time": 3971,
                        "split_stroke_count": 61,
                        "split_stroke_rate": 27,
                        "split_time": 1365,
                        "split_type": "distance_split"
                    },
                    {
                        "split_avg_pace": "2:12.8",
                        "split_calories": 30,
                        "split_distance": 500,
                        "split_drag_factor": 115,
                        "split_running_calories": 119,
                        "split_running_distance": 2000,
                        "split_running_time": 5299,
                        "split_stroke_count": 69,
                        "split_stroke_rate": 31,
                        "split_time": 1328,
                        "split_type": "distance_split"
                    }
                ],
                "spm": 27,
                "time": "8:49.9"
            }
        ],
        "race_duration_type": "distance",
        "race_end_time": "2023-01-22 11:24:44",
        "race_event_site": "2000 m SNO",
        "race_file_name": "Série 7.rac2",
        "race_id": "",
        "race_name": "Série 7",
        "race_start_time": "2023-01-22 11:15:54",
        "race_type": "individual",
        "time_cap": 0
    }
}
