{
    "results": {
        "c2_race_id": "",
        "duration": 2000,
        "ergrace_version": "02.01.17",
        "participants": [
            {
                "affiliation": "",
                "avg_pace": "1:58.7",
                "calories": 134,
                "class": "",
                "distance": 2000,
                "id": "",
                "lane": 2,
                "logbook_id": "",
                "logged_time": "22/01/2023 10:02:00",
                "machine_type": "row",
                "participant": "Usama",
                "place": 1,
                "score": "7:54.8",
                "serial_number": 530087901,
                "splits": [
                    {
                        "split_avg_pace": "1:52.8",
                        "split_calories": 36,
                        "split_distance": 500,
                        "split_drag_factor": 118,
                        "split_running_calories": 36,
                        "split_running_distance": 500,
                        "split_running_time": 1128,
                        "split_stroke_count": 53,
                        "split_stroke_rate": 28,
                        "split_time": 1128,
                        "split_type": "distance_split"
                    },
                    {
                        "split_avg_pace": "2:02.3",
                        "split_calories": 32,
                        "split_distance": 500,
                        "split_drag_factor": 118,
                        "split_running_calories": 68,
                        "split_running_distance": 1000,
                        "split_running_time": 2351,
                        "split_stroke_count": 53,
                        "split_stroke_rate": 26,
                        "split_time": 1223,
                        "split_type": "distance_split"
                    },
                    {
                        "split_avg_pace": "2:03.1",
                        "split_calories": 32,
                        "split_distance": 500,
                        "split_drag_factor": 118,
                        "split_running_calories": 100,
                        "split_running_distance": 1500,
                        "split_running_time": 3582,
                        "split_stroke_count": 52,
                        "split_stroke_rate": 25,
                        "split_time": 1231,
                        "split_type": "distance_split"
                    },
                    {
                        "split_avg_pace": "1:56.7",
                        "split_calories": 34,
                        "split_distance": 500,
                        "split_drag_factor": 118,
                        "split_running_calories": 134,
                        "split_running_distance": 2000,
                        "split_running_time": 4749,
                        "split_stroke_count": 56,
                        "split_stroke_rate": 29,
                        "split_time": 1167,
                        "split_type": "distance_split"
                    }
                ],
                "spm": 27,
                "time": "7:54.8"
            },
            {
                "affiliation": "",
                "avg_pace": "2:01.4",
                "calories": 130,
                "class": "",
                "distance": 2000,
                "id": "",
                "lane": 1,
                "logbook_id": "",
                "logged_time": "22/01/2023 10:02:00",
                "machine_type": "row",
                "participant": "Noé",
                "place": 2,
                "score": "8:05.8",
                "serial_number": 530398582,
                "splits": [
                    {
                        "split_avg_pace": "1:55.7",
                        "split_calories": 35,
                        "split_distance": 500,
                        "split_drag_factor": 120,
                        "split_running_calories": 35,
                        "split_running_distance": 500,
                        "split_running_time": 1157,
                        "split_stroke_count": 68,
                        "split_stroke_rate": 35,
                        "split_time": 1157,
                        "split_type": "distance_split"
                    },
                    {
                        "split_avg_pace": "2:03.6",
                        "split_calories": 32,
                        "split_distance": 500,
                        "split_drag_factor": 120,
                        "split_running_calories": 67,
                        "split_running_distance": 1000,
                        "split_running_time": 2393,
                        "split_stroke_count": 67,
                        "split_stroke_rate": 33,
                        "split_time": 1236,
                        "split_type": "distance_split"
                    },
                    {
                        "split_avg_pace": "2:04.6",
                        "split_calories": 31,
                        "split_distance": 500,
                        "split_drag_factor": 120,
                        "split_running_calories": 98,
                        "split_running_distance": 1500,
                        "split_running_time": 3639,
                        "split_stroke_count": 71,
                        "split_stroke_rate": 34,
                        "split_time": 1246,
                        "split_type": "distance_split"
                    },
                    {
                        "split_avg_pace": "2:01.9",
                        "split_calories": 32,
                        "split_distance": 500,
                        "split_drag_factor": 120,
                        "split_running_calories": 130,
                        "split_running_distance": 2000,
                        "split_running_time": 4858,
                        "split_stroke_count": 74,
                        "split_stroke_rate": 36,
                        "split_time": 1219,
                        "split_type": "distance_split"
                    }
                ],
                "spm": 34,
                "time": "8:05.8"
            },
            {
                "affiliation": "",
                "avg_pace": "2:07.3",
                "calories": 124,
                "class": "",
                "distance": 2000,
                "id": "",
                "lane": 4,
                "logbook_id": "",
                "logged_time": "22/01/2023 10:03:00",
                "machine_type": "row",
                "participant": "Jacqueline",
                "place": 3,
                "score": "8:29.2",
                "serial_number": 430321703,
                "splits": [
                    {
                        "split_avg_pace": "2:04.9",
                        "split_calories": 32,
                        "split_distance": 500,
                        "split_drag_factor": 100,
                        "split_running_calories": 32,
                        "split_running_distance": 500,
                        "split_running_time": 1249,
                        "split_stroke_count": 58,
                        "split_stroke_rate": 28,
                        "split_time": 1249,
                        "split_type": "distance_split"
                    },
                    {
                        "split_avg_pace": "2:07.5",
                        "split_calories": 31,
                        "split_distance": 500,
                        "split_drag_factor": 100,
                        "split_running_calories": 63,
                        "split_running_distance": 1000,
                        "split_running_time": 2524,
                        "split_stroke_count": 57,
                        "split_stroke_rate": 27,
                        "split_time": 1275,
                        "split_type": "distance_split"
                    },
                    {
                        "split_avg_pace": "2:08.9",
                        "split_calories": 30,
                        "split_distance": 500,
                        "split_drag_factor": 99,
                        "split_running_calories": 93,
                        "split_running_distance": 1500,
                        "split_running_time": 3813,
                        "split_stroke_count": 61,
                        "split_stroke_rate": 28,
                        "split_time": 1289,
                        "split_type": "distance_split"
                    },
                    {
                        "split_avg_pace": "2:07.9",
                        "split_calories": 31,
                        "split_distance": 500,
                        "split_drag_factor": 100,
                        "split_running_calories": 124,
                        "split_running_distance": 2000,
                        "split_running_time": 5092,
                        "split_stroke_count": 62,
                        "split_stroke_rate": 29,
                        "split_time": 1279,
                        "split_type": "distance_split"
                    }
                ],
                "spm": 28,
                "time": "8:29.2"
            },
            {
                "affiliation": "",
                "avg_pace": "2:11.7",
                "calories": 120,
                "class": "",
                "distance": 2000,
                "id": "",
                "lane": 3,
                "logbook_id": "",
                "logged_time": "22/01/2023 10:03:00",
                "machine_type": "row",
                "participant": "Emilien",
                "place": 4,
                "score": "8:46.9",
                "serial_number": 430839301,
                "splits": [
                    {
                        "split_avg_pace": "2:05.0",
                        "split_calories": 32,
                        "split_distance": 500,
                        "split_drag_factor": 120,
                        "split_running_calories": 32,
                        "split_running_distance": 500,
                        "split_running_time": 1250,
                        "split_stroke_count": 63,
                        "split_stroke_rate": 30,
                        "split_time": 1250,
                        "split_type": "distance_split"
                    },
                    {
                        "split_avg_pace": "2:13.6",
                        "split_calories": 29,
                        "split_distance": 500,
                        "split_drag_factor": 119,
                        "split_running_calories": 61,
                        "split_running_distance": 1000,
                        "split_running_time": 2586,
                        "split_stroke_count": 50,
                        "split_stroke_rate": 22,
                        "split_time": 1336,
                        "split_type": "distance_split"
                    },
                    {
                        "split_avg_pace": "2:16.9",
                        "split_calories": 29,
                        "split_distance": 500,
                        "split_drag_factor": 136,
                        "split_running_calories": 90,
                        "split_running_distance": 1500,
                        "split_running_time": 3955,
                        "split_stroke_count": 53,
                        "split_stroke_rate": 23,
                        "split_time": 1369,
                        "split_type": "distance_split"
                    },
                    {
                        "split_avg_pace": "2:11.3",
                        "split_calories": 30,
                        "split_distance": 500,
                        "split_drag_factor": 119,
                        "split_running_calories": 120,
                        "split_running_distance": 2000,
                        "split_running_time": 5268,
                        "split_stroke_count": 57,
                        "split_stroke_rate": 26,
                        "split_time": 1313,
                        "split_type": "distance_split"
                    }
                ],
                "spm": 25,
                "time": "8:46.9"
            }
        ],
        "race_duration_type": "distance",
        "race_end_time": "2023-01-22 10:03:41",
        "race_event_site": "2000 m SNO",
        "race_file_name": "Série 2.rac2",
        "race_id": "",
        "race_name": "Série 2",
        "race_start_time": "2023-01-22 09:54:53",
        "race_type": "individual",
        "time_cap": 0
    }
}
